{
  "id": "",
  "name": "",
  "font_family": "iconfont",
  "css_prefix_text": "icon-",
  "description": "",
  "glyphs": [
    {
      "icon_id": "400102",
      "name": "购物车",
      "font_class": "htmal5icon29",
      "unicode": "e641",
      "unicode_decimal": 58945
    },
    {
      "icon_id": "705710",
      "name": "语音",
      "font_class": "yuyin",
      "unicode": "e634",
      "unicode_decimal": 58932
    },
    {
      "icon_id": "731139",
      "name": "搜索",
      "font_class": "guanbi",
      "unicode": "e607",
      "unicode_decimal": 58887
    },
    {
      "icon_id": "792437",
      "name": "cycle-骑车",
      "font_class": "cycleqiche",
      "unicode": "e6fb",
      "unicode_decimal": 59131
    },
    {
      "icon_id": "979230",
      "name": "客服",
      "font_class": "kefu",
      "unicode": "e622",
      "unicode_decimal": 58914
    },
    {
      "icon_id": "1128596",
      "name": "侧边栏收起",
      "font_class": "cebianlanshouqi",
      "unicode": "e7af",
      "unicode_decimal": 59311
    },
    {
      "icon_id": "1191707",
      "name": "正品保障2",
      "font_class": "zhengpinbaozhang2",
      "unicode": "e722",
      "unicode_decimal": 59170
    },
    {
      "icon_id": "1333636",
      "name": "下",
      "font_class": "xia",
      "unicode": "e61f",
      "unicode_decimal": 58911
    },
    {
      "icon_id": "1616064",
      "name": "熊猫",
      "font_class": "panda",
      "unicode": "e66c",
      "unicode_decimal": 58988
    },
    {
      "icon_id": "1810277",
      "name": "火",
      "font_class": "icon-test",
      "unicode": "e6e7",
      "unicode_decimal": 59111
    },
    {
      "icon_id": "2225233",
      "name": "口碑",
      "font_class": "koubei",
      "unicode": "e673",
      "unicode_decimal": 58995
    },
    {
      "icon_id": "4397784",
      "name": "扫一扫",
      "font_class": "saoyisao",
      "unicode": "e633",
      "unicode_decimal": 58931
    },
    {
      "icon_id": "4784115",
      "name": "首页",
      "font_class": "shouye",
      "unicode": "e658",
      "unicode_decimal": 58968
    },
    {
      "icon_id": "6775459",
      "name": "公交车",
      "font_class": "yiliaohangyedeICON-",
      "unicode": "e637",
      "unicode_decimal": 58935
    },
    {
      "icon_id": "6997493",
      "name": "我 的",
      "font_class": "wodedangxuan",
      "unicode": "e608",
      "unicode_decimal": 58888
    },
    {
      "icon_id": "7843634",
      "name": "美食",
      "font_class": "fenzu",
      "unicode": "e61c",
      "unicode_decimal": 58908
    },
    {
      "icon_id": "8652825",
      "name": "通知",
      "font_class": "tongzhi",
      "unicode": "e64a",
      "unicode_decimal": 58954
    },
    {
      "icon_id": "8842685",
      "name": "铃铛",
      "font_class": "lingdang",
      "unicode": "e635",
      "unicode_decimal": 58933
    },
    {
      "icon_id": "9234825",
      "name": "添 加",
      "font_class": "tianjia",
      "unicode": "e62b",
      "unicode_decimal": 58923
    },
    {
      "icon_id": "9841808",
      "name": "全部",
      "font_class": "quanbu",
      "unicode": "e61b",
      "unicode_decimal": 58907
    },
    {
      "icon_id": "10905645",
      "name": "支付宝",
      "font_class": "zhifubao",
      "unicode": "e636",
      "unicode_decimal": 58934
    },
    {
      "icon_id": "12473808",
      "name": "列表",
      "font_class": "liebiao",
      "unicode": "e61e",
      "unicode_decimal": 58910
    },
    {
      "icon_id": "13769326",
      "name": "侧边栏-向右收起",
      "font_class": "cebianlan-xiangyoushouqi",
      "unicode": "e625",
      "unicode_decimal": 58917
    },
    {
      "icon_id": "14303361",
      "name": "消息",
      "font_class": "xiaoxi",
      "unicode": "e74c",
      "unicode_decimal": 59212
    },
    {
      "icon_id": "15112778",
      "name": "付款码",
      "font_class": "fukuanma",
      "unicode": "e614",
      "unicode_decimal": 58900
    },
    {
      "icon_id": "15766525",
      "name": "位置",
      "font_class": "weizhi",
      "unicode": "e661",
      "unicode_decimal": 58977
    },
    {
      "icon_id": "18166598",
      "name": "饿了么",
      "font_class": "elment",
      "unicode": "e8ca",
      "unicode_decimal": 59594
    },
    {
      "icon_id": "19449558",
      "name": "人",
      "font_class": "ren",
      "unicode": "e63d",
      "unicode_decimal": 58941
    },
    {
      "icon_id": "20226345",
      "name": "下",
      "font_class": "xia1",
      "unicode": "e60b",
      "unicode_decimal": 58891
    },
    {
      "icon_id": "20871441",
      "name": "上",
      "font_class": "shang",
      "unicode": "e638",
      "unicode_decimal": 58936
    }
  ]
}
