{
  "list": [
    {
      "id":"1",
      "img": "./img/tu.jpg",
      "h2": "珠片绣丁花Sx-11261",
      "p": "3d重手工",
      "span":"半年售756|新区师大",
      "price":"25.8",
      "prices":"现货·",
      "as":"6.5折"
    },
    {
      "id":"2",
      "img": "./img/tu1.jpg",
      "h2": "珠片绣丁花Sx-11262",
      "p": "3d重手工",
      "span":"半年售756|新区师大",
      "price":"25.8",
      "prices":"￥40",
      "as":"6.5折"
    },
    {
      "id":"3",
      "img": "./img/tu3.jpg",
      "h2": "珠片绣丁花Sx-11263",
      "p": "3d重手工",
      "span":"半年售756|新区师大",
      "price":"25.8",
      "prices":"￥40",
      "as":"6.5折"
    },
    {
      "id":"4",
      "img": "./img/tu.jpg",
      "h2": "珠片绣丁花Sx-11264",
      "p": "3d重手工",
      "span":"半年售756|新区师大",
      "price":"25.8",
      "prices":"￥40",
      "as":"6.5折"
    },
    {
      "id":"5",
      "img": "./img/tu.jpg",
      "h2": "珠片绣丁花Sx-11265",
      "p": "3d重手工",
      "span":"半年售756|新区师大",
      "price":"25.8",
      "prices":"￥40",
      "as":"6.5折"
    },
    {
      "id":"6",
      "img": "./img/tu.jpg",
      "h2": "珠片绣丁花Sx-11266",
      "p": "味道好，量大",
      "span":"半年售756|新区师大",
      "price":"25.8",
      "prices":"￥40",
      "as":"6.5折"
    }
    
  ]
}